start_time,end_time,label
2026-05-17 09:30:43,2026-05-17 09:31:47,normal
2026-05-17 09:31:57,2026-05-17 09:32:46,ddos
2026-05-17 09:32:56,2026-05-17 09:33:30,portscan
2026-05-17 09:33:40,2026-05-17 09:34:44,normal
2026-05-17 09:34:54,2026-05-17 09:35:43,ddos
2026-05-17 09:35:53,2026-05-17 09:36:27,portscan
2026-05-17 09:36:37,2026-05-17 09:37:41,normal
2026-05-17 09:37:51,2026-05-17 09:38:40,ddos
2026-05-17 09:38:50,2026-05-17 09:39:24,portscan
2026-05-17 09:44:22,2026-05-17 09:45:12,portscan
2026-05-17 09:45:22,2026-05-17 09:46:12,portscan
2026-05-17 09:46:22,2026-05-17 09:47:12,portscan
